asset_id,timestamp,sensor_1,sensor_2,sensor_3
C,2024-01-01 00:00:00,50.48521627944827,101.76813772583695,
A,2024-01-01 01:00:00,41.69049883588962,129.55060162110524,68.38771021628214
C,2024-01-01 02:00:00,52.704568257798385,77.1662177173299,77.40933030859246
C,2024-01-01 03:00:00,49.49761890550863,96.12681081440564,
A,2024-01-01 04:00:00,,85.66355358794391,77.74441917658682
A,2024-01-01 05:00:00,40.92436337958402,62.6692676585388,73.72522103223152
C,2024-01-01 06:00:00,44.23228669431667,98.34638628314602,74.3727286999855
B,2024-01-01 07:00:00,57.55391225825756,97.56504983233432,76.63939762079679
C,2024-01-01 08:00:00,55.009171876243805,130.26899486484263,75.42946503146665
C,2024-01-01 09:00:00,40.22444755201449,112.61623369109554,63.90349813626233
C,2024-01-01 10:00:00,50.99332305429226,79.51626351341591,73.85100184712402
C,2024-01-01 11:00:00,57.51387123371789,137.08185132668376,70.74296782869843
A,2024-01-01 12:00:00,33.305947188786284,124.42067391050706,75.87605709454256
C,2024-01-01 13:00:00,55.43360192379935,111.64195406937232,89.92629501301705
B,2024-01-01 14:00:00,43.37376241054153,95.47031802300336,76.83740832737152
A,2024-01-01 15:00:00,55.70598668593159,80.81121526553041,73.432351569138
B,2024-01-01 16:00:00,42.367408434574834,92.55586447857894,79.60900750988625
B,2024-01-01 17:00:00,31.95117899335481,121.77497239408372,77.41343943604606
B,2024-01-01 18:00:00,33.72457562116837,137.69172611869217,77.10047245225921
B,2024-01-01 19:00:00,50.48084946661382,130.86487056544377,78.03425296607836
A,2024-01-01 20:00:00,52.59722501721482,90.22301156427451,85.28271782414771
A,2024-01-01 21:00:00,40.956833748955916,77.60765133421978,69.34555782337043
B,2024-01-01 22:00:00,56.38592458777374,,77.36816038405728
B,2024-01-01 23:00:00,33.3847993773104,64.63121268874298,70.3680943500923
A,2024-01-02 00:00:00,49.33920201352684,106.46335428369562,77.77756323171124
A,2024-01-02 01:00:00,37.889838002375434,97.04794827402662,70.40656744256952
A,2024-01-02 02:00:00,43.48163892197841,90.67926996263516,72.91316593197458
C,2024-01-02 03:00:00,50.47398671316414,68.10593865466409,73.52455042881047
C,2024-01-02 04:00:00,,110.27200213139433,79.87908359672355
C,2024-01-02 05:00:00,46.154444557701744,89.34598320676177,79.59227221971207
B,2024-01-02 06:00:00,60.0629280921444,76.60166328579425,68.77141311776808
C,2024-01-02 07:00:00,44.23108130476851,42.55475573436701,75.27467055499925
B,2024-01-02 08:00:00,,99.44970189898727,71.45210072625413
B,2024-01-02 09:00:00,38.702931453423815,,68.70747544662333
C,2024-01-02 10:00:00,55.298041779152825,133.2251842909574,73.91491474787814
B,2024-01-02 11:00:00,64.41568620657901,90.85807486827457,73.4575860577209
C,2024-01-02 12:00:00,25.283554998727105,87.95575879276439,87.13358243172762
C,2024-01-02 13:00:00,42.03104744529523,109.37548512150047,77.16479912680349
A,2024-01-02 14:00:00,55.7707212718054,80.03229121623417,68.11191249622881
C,2024-01-02 15:00:00,47.96954613957007,106.03583799638932,72.17612997914529
A,2024-01-02 16:00:00,53.71145873371309,115.32160556769381,80.106916477147
C,2024-01-02 17:00:00,43.960148132841795,124.53866447768615,85.44221386434963
C,2024-01-02 18:00:00,50.865897874729,97.99691847040094,67.0700834388102
A,2024-01-02 19:00:00,48.44322764607921,95.92652499646069,65.60037807430477
A,2024-01-02 20:00:00,61.67782061659807,82.44034826486877,
C,2024-01-02 21:00:00,52.54420843301213,83.4623929192028,76.94807088685452
B,2024-01-02 22:00:00,53.37602662075202,95.47042216196947,70.65853634061817
A,2024-01-02 23:00:00,45.881230338775325,107.34731013632356,77.67314543061218
B,2024-01-03 00:00:00,45.123937759275066,118.27169252466499,61.82126130491561
B,2024-01-03 01:00:00,45.67441812180379,83.9364209863931,75.0168775329858
B,2024-01-03 02:00:00,53.944521423782966,129.85377137919045,76.63910586421542
A,2024-01-03 03:00:00,45.79015519179737,94.57752797914863,79.62135069768915
B,2024-01-03 04:00:00,52.89774856896413,99.57265411303128,69.93052023853731
A,2024-01-03 05:00:00,70.75400798645438,85.05576641704353,75.4284358070168
B,2024-01-03 06:00:00,58.711247034316926,51.515194794541166,70.37287686970207
C,2024-01-03 07:00:00,46.73976467832159,117.680907927221,76.27691877837158
C,2024-01-03 08:00:00,62.012139221639444,114.73687794184866,70.52326838818487
A,2024-01-03 09:00:00,45.91924626978449,94.37344885763574,72.9594958041989
C,2024-01-03 10:00:00,29.61875464822146,101.33981434449744,70.02092302604885
C,2024-01-03 11:00:00,,110.31878435408198,78.25568120911828
B,2024-01-03 12:00:00,31.292080789741444,,
A,2024-01-03 13:00:00,46.48486515958692,89.4189464530741,73.82689715021293
B,2024-01-03 14:00:00,50.184183791895514,115.88529359243654,75.19118997480014
B,2024-01-03 15:00:00,66.76437312275283,74.91421153661501,67.75704292683228
B,2024-01-03 16:00:00,53.269273737641626,105.87115864333259,73.50161675996607
B,2024-01-03 17:00:00,47.80899471191136,72.8683639075319,74.74897691479127
B,2024-01-03 18:00:00,58.294055811834895,109.32859964867053,88.10396545514988
B,2024-01-03 19:00:00,27.88864690992115,99.28717035405033,69.44016487112918
B,2024-01-03 20:00:00,52.356145581085656,67.69736368188981,82.32088619376219
A,2024-01-03 21:00:00,57.708651938869664,123.29478708914343,79.98429386732904
C,2024-01-03 22:00:00,35.214137542201584,85.30816846403901,76.40318202245068
B,2024-01-03 23:00:00,61.43754043206929,83.79495125971238,83.79310242097567
B,2024-01-04 00:00:00,53.38496407494414,104.01138394461886,76.86052736303431
B,2024-01-04 01:00:00,45.847120860991986,122.9727469885743,76.94579597833965
B,2024-01-04 02:00:00,56.32781866106285,79.68356362043207,74.73439673491227
B,2024-01-04 03:00:00,72.70692857804396,101.23359699695943,81.11784441209313
B,2024-01-04 04:00:00,51.81866255058495,108.57633000661146,80.48234616905442
C,2024-01-04 05:00:00,52.48220586300336,113.86211214526288,71.87161356251895
C,2024-01-04 06:00:00,45.40639100459756,103.5288311055445,68.40376402700616
B,2024-01-04 07:00:00,41.50155630535208,92.65944321833355,73.98509681302171
C,2024-01-04 08:00:00,58.303358165442454,83.44819558702561,70.99980717801176
A,2024-01-04 09:00:00,41.43916174091133,101.7228776609275,74.68237712692323
B,2024-01-04 10:00:00,50.715662372193925,78.55721976028786,81.1871906734207
A,2024-01-04 11:00:00,45.223425532348834,41.57299033010786,72.71349172456605
A,2024-01-04 12:00:00,54.78979825746392,108.73119608315335,74.78588309344212
B,2024-01-04 13:00:00,53.33662105286948,118.07869682172391,75.29011367404198
C,2024-01-04 14:00:00,60.375399442578995,52.741351289163234,79.24215441102642
A,2024-01-04 15:00:00,44.89983601145253,79.80538590580124,63.765553330076976
B,2024-01-04 16:00:00,47.30125064706629,112.38308522010395,71.96649852617351
A,2024-01-04 17:00:00,40.21236284217693,141.149909394234,76.05641846139736
A,2024-01-04 18:00:00,,100.41587415350816,81.00039478213431
A,2024-01-04 19:00:00,53.77300493044852,85.43994117541732,72.54048776246897
A,2024-01-04 20:00:00,57.56988616645352,96.3420711779032,65.61723646979063
C,2024-01-04 21:00:00,40.77834675822375,127.4975283829637,
A,2024-01-04 22:00:00,58.6960592010566,87.0807164175093,71.82318805587185
A,2024-01-04 23:00:00,63.55637858804951,84.01615986699493,69.0516667045482
A,2024-01-05 00:00:00,54.13434903223701,90.34512955635935,
C,2024-01-05 01:00:00,68.76795812558066,80.93342783482575,74.07737321172075
A,2024-01-05 02:00:00,42.26210800896427,102.4534063198959,71.97627667730893
A,2024-01-05 03:00:00,37.55345296688583,132.4935691693912,63.97216971450465
C,2024-01-05 04:00:00,32.212797510957216,106.46158546232058,79.48533098443566
C,2024-01-05 05:00:00,64.96044311489183,94.95292995747425,81.37437520639361
C,2024-01-05 06:00:00,56.54365656354058,94.16377462168911,78.25760995669754
A,2024-01-05 07:00:00,49.44415329089545,,69.31157164787592
C,2024-01-05 08:00:00,52.799686263198204,117.66219554294318,73.99254233026241
C,2024-01-05 09:00:00,38.74510952701623,98.44325605974396,74.96739342385271
A,2024-01-05 10:00:00,74.45751979616827,96.39040172818748,77.99397194780956
C,2024-01-05 11:00:00,51.292211819752275,163.86215135689721,78.3417024435904
A,2024-01-05 12:00:00,51.09394794604893,105.97505816731372,71.32913100610752
B,2024-01-05 13:00:00,57.25766623898692,,75.4099777820678
C,2024-01-05 14:00:00,54.810092317367136,91.47284807588913,77.2864020230762
B,2024-01-05 15:00:00,52.23884024279131,122.9689141839351,82.27911161073384
A,2024-01-05 16:00:00,42.09525544554688,,78.52253269912362
C,2024-01-05 17:00:00,54.714683571359956,71.23444043365267,78.94528343687759
A,2024-01-05 18:00:00,68.82024496475034,118.38457869150407,75.4191331396468
B,2024-01-05 19:00:00,63.454200461549775,86.63711828922013,82.05229572601752
A,2024-01-05 20:00:00,65.93186626639397,137.4659555243509,77.04881397979749
C,2024-01-05 21:00:00,44.88784323568815,121.60096131429297,70.69456044913215
C,2024-01-05 22:00:00,40.10395179741419,91.05356208682498,82.01684985062596
B,2024-01-05 23:00:00,48.74213079900352,125.62032723470226,78.48951636269514
A,2024-01-06 00:00:00,50.557249122886944,101.35711021054807,72.78477989435758
C,2024-01-06 01:00:00,60.94191518470949,117.05547350244439,72.60253516300378
B,2024-01-06 02:00:00,33.07535370285181,109.6946563458895,76.48287772570382
C,2024-01-06 03:00:00,65.29550319460614,,
C,2024-01-06 04:00:00,48.419921014210104,87.12900335365076,75.98646132815603
A,2024-01-06 05:00:00,45.7311893005258,120.59921635162323,76.55654336721443
C,2024-01-06 06:00:00,39.87895624739832,93.30449335786918,83.4997868728819
A,2024-01-06 07:00:00,33.451433281342304,91.92703073516006,80.35771576117443
C,2024-01-06 08:00:00,58.231705839619146,80.89754841301294,75.95317795632512
B,2024-01-06 09:00:00,50.73317967188404,108.47198131186923,79.70655290383742
C,2024-01-06 10:00:00,37.10039100258946,,69.8373804823623
A,2024-01-06 11:00:00,37.04921227936384,78.64934171491454,76.98963524973405
A,2024-01-06 12:00:00,46.64215300709872,100.48438913345517,84.04653174866556
B,2024-01-06 13:00:00,66.69021525289392,128.24441110830858,73.90977052303813
C,2024-01-06 14:00:00,47.40408648636395,98.40717217508569,70.76183035690458
C,2024-01-06 15:00:00,,,71.73955555703469
B,2024-01-06 16:00:00,47.54256935914056,78.75212943706241,69.55183481328805
C,2024-01-06 17:00:00,47.27276430252329,108.56614194415297,71.07619045936148
C,2024-01-06 18:00:00,23.031133570584284,96.25711469990902,73.14745950704986
A,2024-01-06 19:00:00,49.45705133482188,119.71459991359725,67.97216490410679
C,2024-01-06 20:00:00,,123.74772103129501,75.07809166974802
C,2024-01-06 21:00:00,56.96206364813418,,79.51138586893323
B,2024-01-06 22:00:00,68.48956094945345,111.59266346427151,70.46121909926539
B,2024-01-06 23:00:00,61.26565029547757,106.51592633164333,82.59641961820884
A,2024-01-07 00:00:00,47.31111309445169,103.88768603154672,77.55396044263797
C,2024-01-07 01:00:00,38.934740912583294,92.93667414378623,80.15290292812028
C,2024-01-07 02:00:00,75.7335980324986,106.76967686923382,71.71082723073931
C,2024-01-07 03:00:00,50.59218434014488,94.09197179721941,
A,2024-01-07 04:00:00,50.13929291912946,103.36921952539228,69.54033049802344
A,2024-01-07 05:00:00,49.758749128899964,126.3519507121592,79.45123750418254
B,2024-01-07 06:00:00,51.98084760767855,79.86914869440717,75.85919669896765
A,2024-01-07 07:00:00,48.556395880760576,122.7975712225809,77.76625609992392
C,2024-01-07 08:00:00,44.26337993119763,126.34230134679731,69.12202697187574
C,2024-01-07 09:00:00,44.53141058759608,97.63862946017842,
A,2024-01-07 10:00:00,49.672467297840015,57.56290201982811,77.98614109126693
C,2024-01-07 11:00:00,44.56575228866235,87.84356025811135,70.258259978879
C,2024-01-07 12:00:00,42.871542173228356,125.93989093122218,77.31603146049561
A,2024-01-07 13:00:00,51.064302276918966,99.54263875402236,68.16431096769877
A,2024-01-07 14:00:00,47.450227825791444,80.01395535410178,79.24087106333334
C,2024-01-07 15:00:00,65.0399298858269,89.90450157543565,68.83738342615746
C,2024-01-07 16:00:00,23.490301916069882,116.81240053009105,77.76149968839762
C,2024-01-07 17:00:00,60.91506851922462,110.9346713640276,78.12815466823001
B,2024-01-07 18:00:00,62.46085192497629,95.22135801660612,71.51614090785212
B,2024-01-07 19:00:00,29.266097675918505,92.66351176370625,77.91013283542364
B,2024-01-07 20:00:00,46.573124059196516,92.16483701912357,76.30221131666778
A,2024-01-07 21:00:00,46.28559134004209,81.55179631002994,72.30579071903631
B,2024-01-07 22:00:00,,132.30751378938885,69.95722657961896
A,2024-01-07 23:00:00,42.22183312409125,93.5535906157732,65.1868715416371
A,2024-01-08 00:00:00,38.894241545341714,124.34317041650993,76.74825023649846
B,2024-01-08 01:00:00,67.52270443423623,130.42632103844903,67.17598614318972
B,2024-01-08 02:00:00,59.35678393147461,119.9662179629592,75.47672099720654
B,2024-01-08 03:00:00,62.71555094994159,91.36759374563903,73.68275891958875
C,2024-01-08 04:00:00,57.21672064043235,108.07460180673219,78.39571387719097
B,2024-01-08 05:00:00,38.70948228782771,99.51608787218167,73.48977250255068
C,2024-01-08 06:00:00,44.75479733720226,81.92596278539745,73.35276106826454
A,2024-01-08 07:00:00,54.89374561227918,106.48718563443207,78.65935352144147
C,2024-01-08 08:00:00,37.778721911080545,76.41920417680396,76.67529014542059
B,2024-01-08 09:00:00,57.12998430172388,123.75358776923127,76.58077978591389
A,2024-01-08 10:00:00,47.59674601841865,90.70765405403213,77.34633794904263
A,2024-01-08 11:00:00,46.251791924504026,104.02319311745678,67.32213938396447
A,2024-01-08 12:00:00,57.10959968203491,105.66575743092284,78.78394339993491
C,2024-01-08 13:00:00,54.4426331148604,94.82190052591845,78.06234397006801
B,2024-01-08 14:00:00,46.3903383418092,111.7338760295055,69.91658435711751
A,2024-01-08 15:00:00,61.59329803364248,90.50192686754951,73.77959763162899
A,2024-01-08 16:00:00,39.189366724001026,117.42594594914488,74.80346356186185
A,2024-01-08 17:00:00,56.15935606944264,73.08040639506503,74.32751607799133
C,2024-01-08 18:00:00,55.93101257968384,102.52759159092824,76.66929983284267
C,2024-01-08 19:00:00,,138.7785799811657,82.15683390915592
B,2024-01-08 20:00:00,53.26133022242118,79.9933735078885,80.40883363836414
C,2024-01-08 21:00:00,37.488864236146966,86.44510058950297,68.43890403284297
A,2024-01-08 22:00:00,59.24027019206901,110.2781569931783,78.11034995153024
B,2024-01-08 23:00:00,48.15097863557011,103.59163563879196,81.64466659767704
A,2024-01-09 00:00:00,44.772769794809605,107.01260198547118,76.93404260344602
A,2024-01-09 01:00:00,60.49009225836889,109.78374260295327,80.45490212592983
C,2024-01-09 02:00:00,42.95656309457241,,85.06135222850382
B,2024-01-09 03:00:00,35.91538703636441,122.19399683912447,80.11854773053491
C,2024-01-09 04:00:00,34.433708264760966,108.19637313857025,76.24654297820864
C,2024-01-09 05:00:00,56.06009951345639,95.17484690762915,80.22544237042376
B,2024-01-09 06:00:00,37.19570647503717,113.45147402405462,75.72443916548445
A,2024-01-09 07:00:00,67.54794181984364,137.9976386979043,75.11951521642477
A,2024-01-09 08:00:00,29.18070592116278,97.34732507234853,73.24292882143133
B,2024-01-09 09:00:00,,80.50941390658717,82.81706679416054
A,2024-01-09 10:00:00,52.11017467202618,122.14161338573945,70.90785667028999
B,2024-01-09 11:00:00,49.032868881296075,97.59237672092803,82.66183862339058
B,2024-01-09 12:00:00,44.550809131910505,56.546609079719275,77.49932061870186
C,2024-01-09 13:00:00,53.991361143520706,116.94843354300843,68.00346912599029
B,2024-01-09 14:00:00,49.62365297575152,89.29343628092154,76.83824646495711
C,2024-01-09 15:00:00,61.03301882016521,98.18933435391679,64.49986746174189
A,2024-01-09 16:00:00,51.142276486620396,106.63960661138029,78.12754008415519
A,2024-01-09 17:00:00,51.50301761461878,103.80999359558133,79.42615741494495
A,2024-01-09 18:00:00,46.36387787786144,114.1890363427808,72.03822022173973
A,2024-01-09 19:00:00,49.43054376278933,91.29027258860313,75.61773847977791
C,2024-01-09 20:00:00,53.07801768892059,110.26211596352165,84.77078716875143
A,2024-01-09 21:00:00,32.89831607343375,94.80906644832166,72.47126647869031
B,2024-01-09 22:00:00,36.518145778942866,114.77620961775006,69.705462064717
B,2024-01-09 23:00:00,57.43264094022715,112.30734968026107,82.40831701231299
B,2024-01-10 00:00:00,51.708654381279416,81.29122595910809,84.81293595265397
C,2024-01-10 01:00:00,48.16016663647321,121.71964232350064,75.01847835923924
A,2024-01-10 02:00:00,50.184339330653934,89.28073109771904,80.05731517704179
A,2024-01-10 03:00:00,53.47581705361671,116.1611559656229,81.70737957765441
A,2024-01-10 04:00:00,44.60240319690639,107.34574626802682,71.28757883730808
C,2024-01-10 05:00:00,42.216952745976876,,72.57347082316066
B,2024-01-10 06:00:00,51.958452550976816,95.53068035256295,81.15437256577367
B,2024-01-10 07:00:00,40.21627222384968,93.01366407763605,83.42507139354255
A,2024-01-10 08:00:00,54.082527557144715,99.61160788224535,77.81440430087177
B,2024-01-10 09:00:00,32.9741639576216,93.93640434331449,70.60092823248974
B,2024-01-10 10:00:00,,115.998838038841,84.9353055584972
C,2024-01-10 11:00:00,54.72597482413043,,72.34514551094017
C,2024-01-10 12:00:00,52.56029734313876,78.92635161707292,73.32431109414274
C,2024-01-10 13:00:00,59.82690983945514,78.64394156841614,76.7116891724481
C,2024-01-10 14:00:00,66.65474444462576,119.00615183947151,82.77080210357387
A,2024-01-10 15:00:00,60.1437006501813,134.2122674516385,79.26987988276112
C,2024-01-10 16:00:00,,97.91101562925057,77.07432750180955
B,2024-01-10 17:00:00,37.204230332642986,96.62356553619979,77.31644265059053
A,2024-01-10 18:00:00,43.75181422304321,101.40104326226363,75.21757334321732
B,2024-01-10 19:00:00,50.26091050210834,123.23756605216381,77.79069757259253
B,2024-01-10 20:00:00,55.17659020469123,81.45293731618852,62.352199611528484
B,2024-01-10 21:00:00,42.742561868465344,104.7673796546957,73.51696270465101
C,2024-01-10 22:00:00,51.86766764477078,119.5039525956486,76.2066096745839
C,2024-01-10 23:00:00,42.44617067646678,110.0218833987969,69.24492958190247
A,2024-01-11 00:00:00,43.884821970080516,103.79163233197487,76.9316165890578
A,2024-01-11 01:00:00,35.93338903151778,120.02092185134282,73.97764389506939
C,2024-01-11 02:00:00,40.76766753889096,45.93535414001526,83.77737849157745
B,2024-01-11 03:00:00,,113.55750639061816,82.86509862607429
A,2024-01-11 04:00:00,40.241267470226674,,72.67097215440918
C,2024-01-11 05:00:00,60.536417966078396,63.387342062870864,74.24581144216653
C,2024-01-11 06:00:00,40.50601111168057,110.22405199049962,74.63026217195804
C,2024-01-11 07:00:00,76.32382064837391,127.47317090325916,72.74170261920189
B,2024-01-11 08:00:00,54.93317900880889,97.25102970744616,75.97512492014063
C,2024-01-11 09:00:00,51.84836123694874,119.05749094405877,71.20858965556205
C,2024-01-11 10:00:00,41.41642219818787,132.24556515977292,69.34692332531237
C,2024-01-11 11:00:00,57.003098794089915,126.29828907168095,78.11355611950134
C,2024-01-11 12:00:00,44.24362173762226,132.79929058742786,78.14764792110905
A,2024-01-11 13:00:00,,114.84254982143784,70.97842120170004
A,2024-01-11 14:00:00,75.60084538268795,101.50867277803185,79.476777153813
C,2024-01-11 15:00:00,49.0394010027535,67.96068376205663,71.84211135417334
B,2024-01-11 16:00:00,61.49273326285676,95.07875023740102,76.26582619018991
A,2024-01-11 17:00:00,42.96823574874112,83.13506809367617,79.10172006306227
C,2024-01-11 18:00:00,49.65011509503038,143.4188543499563,74.83193717648143
A,2024-01-11 19:00:00,67.7080063563551,96.48228375135326,77.27370456070567
A,2024-01-11 20:00:00,43.730329422122324,102.46409613568972,72.41785178056215
B,2024-01-11 21:00:00,,111.02970752080935,74.01766708285952
C,2024-01-11 22:00:00,57.07751935455475,100.87204892744907,73.9707028455983
C,2024-01-11 23:00:00,44.37533224105732,,71.26710826729881
B,2024-01-12 00:00:00,56.32407739055521,87.54701276531097,74.11612918442108
B,2024-01-12 01:00:00,59.7255444962673,103.89214910474486,
C,2024-01-12 02:00:00,56.21809962217196,85.15058828603904,72.54423126428948
C,2024-01-12 03:00:00,34.297752801095434,73.59954977558588,73.57562253315164
B,2024-01-12 04:00:00,42.728628241751316,87.76461818189429,73.7191012375231
A,2024-01-12 05:00:00,47.52481364448495,99.25926405903176,73.79251277064611
A,2024-01-12 06:00:00,49.25566570899954,91.4139555096548,74.69117900069935
B,2024-01-12 07:00:00,56.206720975506784,86.15158040252288,77.39720759043033
A,2024-01-12 08:00:00,51.777010009332535,71.87365072656333,79.37258537066262
B,2024-01-12 09:00:00,36.64655641289899,98.3378885474261,71.75117386575866
A,2024-01-12 10:00:00,53.801978510059634,69.90559251937995,68.98399572305428
A,2024-01-12 11:00:00,56.10585745283823,115.20111927379205,69.78977793878448
C,2024-01-12 12:00:00,55.5979044793104,101.64879505869007,72.56398539402537
C,2024-01-12 13:00:00,60.807807255546216,70.8489700107014,73.24039341091745
A,2024-01-12 14:00:00,58.33922154548904,93.81581845900273,71.1500196690127
A,2024-01-12 15:00:00,54.59180079228437,84.95687188818833,68.51941667875053
C,2024-01-12 16:00:00,,106.3834902083836,72.71939586262906
C,2024-01-12 17:00:00,33.39039066484008,126.80900892046289,75.90713310056985
C,2024-01-12 18:00:00,54.296182191325855,62.49655060708511,77.97514732917783
B,2024-01-12 19:00:00,52.076876871631114,102.30052158294835,72.2128847344584
A,2024-01-12 20:00:00,52.715788371953735,96.79734408866719,72.93501088928284
C,2024-01-12 21:00:00,37.232514241796906,,70.36650845576345
A,2024-01-12 22:00:00,39.189434595917376,104.26393256475379,
B,2024-01-12 23:00:00,60.53152853332904,84.96061336522362,70.75785682904592
B,2024-01-13 00:00:00,49.60444846143345,93.61892128666764,77.865639066206
C,2024-01-13 01:00:00,56.81500697372624,84.07948286393022,66.07066754032944
B,2024-01-13 02:00:00,50.28318376130461,121.52014277197196,73.20185163773769
A,2024-01-13 03:00:00,50.297561394957455,100.42623297343884,76.50553669595871
C,2024-01-13 04:00:00,59.382838059759976,138.02381371506016,75.91917258161253
A,2024-01-13 05:00:00,44.83955271782626,98.78678372370759,
A,2024-01-13 06:00:00,50.96120776940983,85.83186466179075,76.74900012283953
B,2024-01-13 07:00:00,45.377247112949576,69.72571214774345,69.97972701578995
B,2024-01-13 08:00:00,45.65503772567684,63.9372064748811,74.52267876455464
B,2024-01-13 09:00:00,46.908278765313604,68.31728113989021,66.11876833266774
B,2024-01-13 10:00:00,52.22133771633713,105.34253302022967,74.5970012535162
B,2024-01-13 11:00:00,45.212513783365225,110.17450046459868,70.83471971499621
C,2024-01-13 12:00:00,62.55756125573521,68.37618595935733,
A,2024-01-13 13:00:00,41.05392697780496,117.90076628152231,72.25229862702233
A,2024-01-13 14:00:00,48.13128355838641,90.3387789663312,74.41617042102376
A,2024-01-13 15:00:00,45.60268941725825,102.93586023971099,71.82221079297798
A,2024-01-13 16:00:00,64.46977884353733,132.2444125651085,83.69425675926665
B,2024-01-13 17:00:00,51.965547765115744,117.93678631731063,73.39378616941045
A,2024-01-13 18:00:00,60.31844539468635,94.62938704188335,84.162785217396
C,2024-01-13 19:00:00,35.14439626963028,82.17615549169426,79.07075881059133
C,2024-01-13 20:00:00,,56.9636919734139,77.41033363667692
A,2024-01-13 21:00:00,58.89630795623437,85.6169336151516,76.8436657365876
A,2024-01-13 22:00:00,,95.7773952234461,76.96898649108125
C,2024-01-13 23:00:00,60.654803750653514,80.25640945697631,65.36163710327195
C,2024-01-14 00:00:00,44.82711549899628,97.3748606581539,73.60558302924622
B,2024-01-14 01:00:00,64.0934744018558,101.53703765917537,79.2257898559216
C,2024-01-14 02:00:00,72.9889812361925,95.50288036383843,74.75551408262947
B,2024-01-14 03:00:00,46.37161439560341,86.9999483835308,67.97405076598213
B,2024-01-14 04:00:00,45.54497478599228,103.37309343933455,74.73797774711265
B,2024-01-14 05:00:00,64.533844771177,108.83881299138818,83.52052758127746
B,2024-01-14 06:00:00,65.79572145730712,78.19201845114307,81.23445857767359
B,2024-01-14 07:00:00,44.771399728467316,128.21864759492541,74.68997995316984
A,2024-01-14 08:00:00,45.798131829041424,98.02823735431477,79.75724638529043
C,2024-01-14 09:00:00,47.18215391139493,100.37699245889695,73.16746489815974
B,2024-01-14 10:00:00,36.555494889657226,114.16428846513114,66.4806420658664
C,2024-01-14 11:00:00,40.81348053515802,104.66432262527003,70.37767005935223
C,2024-01-14 12:00:00,39.95859233247932,119.0627326782649,82.81444384254098
B,2024-01-14 13:00:00,42.32202434895871,105.74248330403648,73.63003459085348
A,2024-01-14 14:00:00,49.65315112613219,87.75125250719124,
B,2024-01-14 15:00:00,52.342147325365204,107.23007050412204,73.5008090186256
A,2024-01-14 16:00:00,65.50500492814076,77.12547585358676,84.52068294786504
C,2024-01-14 17:00:00,40.016459592612094,102.17119411553047,83.12979457681031
A,2024-01-14 18:00:00,59.843223984765835,99.33540018711078,
A,2024-01-14 19:00:00,47.86011155774491,95.83766285454921,74.20477394799974
A,2024-01-14 20:00:00,49.50536290347567,97.42924977122138,76.47812244373547
C,2024-01-14 21:00:00,56.74819492166604,62.36301909004722,67.41678725289604
C,2024-01-14 22:00:00,38.772779784377015,89.02550184518077,82.38467213059137
A,2024-01-14 23:00:00,53.82409746184051,101.85689802282229,69.16110224366032
A,2024-01-15 00:00:00,51.66452208213056,103.19712783994801,76.08387781881315
B,2024-01-15 01:00:00,,,69.51348736183579
A,2024-01-15 02:00:00,,125.31415681729402,72.05566586630653
B,2024-01-15 03:00:00,74.55300139910895,82.67650303570998,
A,2024-01-15 04:00:00,43.62260015748684,119.38914401053474,71.96062369662091
B,2024-01-15 05:00:00,44.690030449981826,108.5438872374337,72.3043864842551
C,2024-01-15 06:00:00,43.76859473575236,87.07545380312393,72.25865602537462
A,2024-01-15 07:00:00,44.44522880839745,135.50621785219025,79.16666955890153
A,2024-01-15 08:00:00,43.62612872693482,76.1272633648704,69.4756860346874
A,2024-01-15 09:00:00,61.89016531107552,,76.10270713506934
A,2024-01-15 10:00:00,64.20504247989855,,81.0897957615278
B,2024-01-15 11:00:00,,86.58759581846711,72.43401817743302
A,2024-01-15 12:00:00,41.67644426895771,127.84930600128658,
C,2024-01-15 13:00:00,54.71415556386404,94.99906970802094,
C,2024-01-15 14:00:00,44.477769557190285,105.77387258559715,80.89862604180355
A,2024-01-15 15:00:00,56.32931817755511,105.20643677542441,75.97053815476679
C,2024-01-15 16:00:00,52.029230208513,97.31382517058904,72.343928526962
A,2024-01-15 17:00:00,34.84255885002768,116.21616546319564,77.4193832559402
A,2024-01-15 18:00:00,65.47505201330061,115.86977441104426,69.48853925081788
C,2024-01-15 19:00:00,67.95877673095522,65.02936053523638,78.40679755221474
A,2024-01-15 20:00:00,43.87211309515614,126.08680485756305,77.04303653850884
C,2024-01-15 21:00:00,46.122984400640156,66.75016023928652,73.46095764430558
B,2024-01-15 22:00:00,52.85865390724905,120.65092408683314,70.80707100776385
A,2024-01-15 23:00:00,53.34456789987025,122.53410273655166,70.56659538858271
B,2024-01-16 00:00:00,56.5854427267283,78.18067139569604,77.67408668172955
C,2024-01-16 01:00:00,70.1020453876635,91.78371424090831,81.14490251244531
B,2024-01-16 02:00:00,48.2305277250595,77.88590663028128,71.81346126485603
B,2024-01-16 03:00:00,42.01702755461546,95.70157939422529,77.29193351775743
C,2024-01-16 04:00:00,36.20680771985473,93.83931431628517,
B,2024-01-16 05:00:00,42.69069960058081,115.59321064538679,72.076911346714
B,2024-01-16 06:00:00,49.66873027126203,126.20617492239217,74.84470533564549
C,2024-01-16 07:00:00,67.94557863517788,127.91367621579911,70.45158291509082
B,2024-01-16 08:00:00,44.823887009638284,88.75663946843396,70.31746812605202
C,2024-01-16 09:00:00,,95.81556252510944,71.66110221765557
B,2024-01-16 10:00:00,49.83577103927248,66.331236155581,76.46096364163186
C,2024-01-16 11:00:00,61.88393273448084,83.88259867007622,74.06335490796813
C,2024-01-16 12:00:00,75.26932425873622,119.29703266194915,63.808843833375136
B,2024-01-16 13:00:00,44.69131227079679,132.31165647096464,64.39649923682467
B,2024-01-16 14:00:00,45.10560557481778,75.31302256240156,71.96567411071412
B,2024-01-16 15:00:00,60.44160877069072,88.15071481694211,77.28843293026776
A,2024-01-16 16:00:00,56.81891489626312,99.47188486082146,61.26247578637383
A,2024-01-16 17:00:00,68.46707325736034,105.60322317639213,
A,2024-01-16 18:00:00,55.839281853259635,83.80792960156708,72.3687607174129
C,2024-01-16 19:00:00,46.40707909212941,108.48122088928179,81.94168889104223
B,2024-01-16 20:00:00,55.90654830692309,90.52321305858167,73.07489094143568
C,2024-01-16 21:00:00,61.087035805829075,99.71095458243441,76.91494492370464
A,2024-01-16 22:00:00,58.204821811973645,110.925684960074,75.70628570043732
B,2024-01-16 23:00:00,55.07274031107298,100.12844539621875,64.347167600964
C,2024-01-17 00:00:00,60.666746895891535,91.27228218946863,78.84103608315868
B,2024-01-17 01:00:00,61.692955904456724,97.80780392148338,76.07698252728144
C,2024-01-17 02:00:00,63.82158991037527,98.2327408158933,77.54134319837294
B,2024-01-17 03:00:00,56.48709887589643,92.59977940235744,94.63118853218162
A,2024-01-17 04:00:00,48.328819196831454,94.82407874665795,64.57943530250705
A,2024-01-17 05:00:00,51.46713686433323,131.97294341009433,83.62348324880554
B,2024-01-17 06:00:00,62.06508966508357,,73.56276240299822
C,2024-01-17 07:00:00,41.83064329012764,94.09039363941679,76.43664452201504
A,2024-01-17 08:00:00,53.686733088729014,113.93908809021471,74.77243877349379
A,2024-01-17 09:00:00,46.06661187672639,93.3236102048798,72.87881833300978
A,2024-01-17 10:00:00,50.28744822934817,123.46249275173282,72.1508353588062
B,2024-01-17 11:00:00,62.78451862607299,107.39284384396188,76.64754367786504
B,2024-01-17 12:00:00,51.910990680199035,97.85395711991542,67.4141315166416
C,2024-01-17 13:00:00,50.46436548156149,108.95433851620555,78.75289583760883
C,2024-01-17 14:00:00,,68.58247695863001,72.91902797557373
C,2024-01-17 15:00:00,57.46253566027221,77.4646506218039,69.34965330479821
B,2024-01-17 16:00:00,56.45484181141075,76.12149987201889,72.74993571002094
B,2024-01-17 17:00:00,71.6325472330546,102.85886189527413,81.28574608431286
C,2024-01-17 18:00:00,46.92221765046999,134.65029998970184,72.32332456491889
C,2024-01-17 19:00:00,52.19150327663939,144.62600292385264,76.7922680910481
B,2024-01-17 20:00:00,52.49383683710755,112.76102202881515,71.34521862142263
C,2024-01-17 21:00:00,65.77453279763475,110.01688949888914,78.7896092496181
A,2024-01-17 22:00:00,49.047044676130476,63.97884531694522,78.42753869395102
B,2024-01-17 23:00:00,52.790215257703395,89.14652400531956,84.24304416648206
C,2024-01-18 00:00:00,,84.24432496183522,74.12218027250393
B,2024-01-18 01:00:00,51.86609123156358,87.58304803497768,78.34327402378953
A,2024-01-18 02:00:00,45.535663854494715,96.63712362830421,75.49033769769473
B,2024-01-18 03:00:00,,90.55818844605746,81.47935890931507
B,2024-01-18 04:00:00,60.73631749859772,60.414003792484245,71.40583806195635
B,2024-01-18 05:00:00,39.7348470058894,114.95820512235068,78.72502656438641
B,2024-01-18 06:00:00,51.32969674146876,78.54513948520386,74.0265135194166
A,2024-01-18 07:00:00,42.99879185060827,104.78493728222298,74.67905911445752
B,2024-01-18 08:00:00,61.950466289248425,141.48165339499946,75.45876242224186
B,2024-01-18 09:00:00,34.76813095216225,81.61230816827154,
C,2024-01-18 10:00:00,44.410781527284115,49.39424954507341,74.4188547843902
B,2024-01-18 11:00:00,53.772118750645205,94.27991556239779,76.07356591585263
C,2024-01-18 12:00:00,65.65524029234341,122.01919269997143,82.89059028781092
A,2024-01-18 13:00:00,49.34249738927012,139.16694908441187,79.9272484280761
A,2024-01-18 14:00:00,44.44800473306802,75.40900811095166,79.34577296248449
A,2024-01-18 15:00:00,68.8115706944059,109.93398446473043,72.72230236988065
A,2024-01-18 16:00:00,35.51986099583756,90.69379086439893,70.55379585885838
C,2024-01-18 17:00:00,28.011940433799182,97.88103291391728,79.77650279118876
B,2024-01-18 18:00:00,54.40014450053332,,79.38023396264897
A,2024-01-18 19:00:00,44.97945775647389,69.94059343209693,82.36335337875491
B,2024-01-18 20:00:00,39.787671828692865,105.07479322989147,71.98009687015386
C,2024-01-18 21:00:00,57.08356447299353,109.35386343530867,73.85225672319827
C,2024-01-18 22:00:00,52.43800713771199,121.71572649878695,66.80257918737283
C,2024-01-18 23:00:00,44.359213692632714,101.95966306941791,73.03764446969564
A,2024-01-19 00:00:00,37.19695601329106,106.16101079008205,79.98285255289724
B,2024-01-19 01:00:00,58.724573282801444,92.16702865156418,
B,2024-01-19 02:00:00,56.50201177958661,105.38253882490214,
B,2024-01-19 03:00:00,49.00824136220617,93.1361544900518,74.04748447001094
C,2024-01-19 04:00:00,68.46636996047665,112.43143779712102,76.6202851411078
A,2024-01-19 05:00:00,39.29915233673847,92.60779327912732,69.26154305092166
C,2024-01-19 06:00:00,34.74474829075261,107.54200787804373,75.42604724816951
C,2024-01-19 07:00:00,43.080919301187556,99.41474372630043,60.044320145496386
B,2024-01-19 08:00:00,49.54413983644502,122.52100501544336,74.06551920919007
C,2024-01-19 09:00:00,52.43339449322692,98.97212552823028,66.84763378142429
B,2024-01-19 10:00:00,47.5876394214367,64.53935063586238,81.02997258273408
A,2024-01-19 11:00:00,53.520553965142966,125.23843001427983,78.88703676382255
B,2024-01-19 12:00:00,37.48460575809556,81.88535398274762,77.3333549098304
A,2024-01-19 13:00:00,64.4376460407326,86.9246732270236,82.6050311357969
B,2024-01-19 14:00:00,49.178488216074314,88.08677411913015,70.25541739587581
C,2024-01-19 15:00:00,61.172958315881274,127.48876186341634,83.73681598957779
C,2024-01-19 16:00:00,53.42725346377704,,79.66095782130192
A,2024-01-19 17:00:00,54.567532191537836,162.75497067319986,73.81722356390527
A,2024-01-19 18:00:00,55.69767280232204,121.12113618132103,80.67810073591473
A,2024-01-19 19:00:00,54.47708560017315,104.4647782825832,69.46853243794183
B,2024-01-19 20:00:00,56.42722759867544,98.90211998767427,70.87742919236163
B,2024-01-19 21:00:00,63.29152530132431,105.71108149715315,71.9570513838015
A,2024-01-19 22:00:00,51.9652116970147,110.42244856758677,72.35511145967992
C,2024-01-19 23:00:00,57.09003757588512,112.90431171900114,69.71721178619873
B,2024-01-20 00:00:00,49.102643057127736,111.11208932006897,81.11541533547663
B,2024-01-20 01:00:00,64.40117215449473,101.79161362510497,73.70572799815085
B,2024-01-20 02:00:00,43.2360769794073,96.05323159385348,76.7625248417844
A,2024-01-20 03:00:00,68.00940432910815,96.97453432692977,72.1482431679316
A,2024-01-20 04:00:00,49.59842049355657,96.10183439294639,65.89698349725741
A,2024-01-20 05:00:00,35.69224897881952,122.67540193734129,
A,2024-01-20 06:00:00,51.28104414910789,111.87113444561723,65.43872512290112
A,2024-01-20 07:00:00,43.18948342525119,41.19222730671439,74.65682976957265
C,2024-01-20 08:00:00,58.406435489887244,113.11801553059522,68.15842480583595
C,2024-01-20 09:00:00,43.47376020697609,103.8947238943755,84.93637999615405
A,2024-01-20 10:00:00,45.538165667852205,99.62582487108205,79.5568136108736
B,2024-01-20 11:00:00,31.104592690544692,92.22963093822229,75.5287689563574
A,2024-01-20 12:00:00,45.47693680750923,122.48225439972026,81.31853338827334
C,2024-01-20 13:00:00,25.761206733710434,118.95052924245715,70.76842011267132
C,2024-01-20 14:00:00,34.16097176514277,84.54244664352782,77.71739689335047
B,2024-01-20 15:00:00,57.604146561442974,108.1410457424907,75.99905216859356
C,2024-01-20 16:00:00,57.85800158650832,,76.32010040666835
A,2024-01-20 17:00:00,54.254575617849646,72.40763670422139,81.36176750053384
B,2024-01-20 18:00:00,40.33023856870787,87.4656555082007,78.662460513899
A,2024-01-20 19:00:00,49.5228864385802,117.24786944765518,76.44361831412512
A,2024-01-20 20:00:00,49.963974609094315,119.06250090752174,66.72556281885852
B,2024-01-20 21:00:00,38.416353108074574,110.26170840194587,70.19976852360269
A,2024-01-20 22:00:00,65.0339830176715,114.50191573695994,74.38645533202138
C,2024-01-20 23:00:00,58.77362290575671,110.32356574229917,75.46686187138326
A,2024-01-21 00:00:00,47.79035826170336,87.17036809554095,69.34898137663038
B,2024-01-21 01:00:00,50.26885838994531,108.63845089347882,87.05838337789211
B,2024-01-21 02:00:00,52.08382807947552,116.00819050455365,82.58197027626787
B,2024-01-21 03:00:00,29.582651315757094,115.08582659627149,78.01059160196242
A,2024-01-21 04:00:00,47.52822617479403,123.77826742949286,75.36018430641873
B,2024-01-21 05:00:00,43.180157520022014,114.16607694402127,73.93895515049424
B,2024-01-21 06:00:00,39.983799901050844,107.02896415083165,70.24040769988882
A,2024-01-21 07:00:00,47.18899707114045,,75.38740259259431
C,2024-01-21 08:00:00,67.97686526849523,99.4695748150188,76.28876270071375
A,2024-01-21 09:00:00,56.4084286126701,82.36250697544564,68.79119712259188
B,2024-01-21 10:00:00,44.28821010217203,96.73866072112472,76.67088208622448
B,2024-01-21 11:00:00,55.72582781356159,85.10194710387103,
A,2024-01-21 12:00:00,63.99355436586002,86.49643450051236,
C,2024-01-21 13:00:00,59.246336829127685,97.10962658568964,70.6980749461025
B,2024-01-21 14:00:00,50.59630369920174,84.15160158000077,
B,2024-01-21 15:00:00,43.53063222294426,93.8407694072192,84.43843828670096
B,2024-01-21 16:00:00,56.982233136135896,62.12770666092429,77.78276562266879
A,2024-01-21 17:00:00,53.934853854217494,104.26587414745877,68.32259215450054
B,2024-01-21 18:00:00,58.95193220027733,100.02410950724449,
C,2024-01-21 19:00:00,56.351718016819696,83.65822737863618,67.26348005530818
B,2024-01-21 20:00:00,60.49552715319335,113.1849133686481,80.41345526943536
B,2024-01-21 21:00:00,44.64764788439432,118.75140275253116,72.6443767409106
C,2024-01-21 22:00:00,63.173940656343255,67.84880271262051,74.53181905630414
B,2024-01-21 23:00:00,51.975996046923996,84.74550442867572,81.62898323771095
A,2024-01-22 00:00:00,,84.61715300425404,68.56418215707875
A,2024-01-22 01:00:00,43.10812181910432,81.20193797782271,68.01440907443504
A,2024-01-22 02:00:00,67.3596380316525,116.58949683863497,72.08200336826998
C,2024-01-22 03:00:00,51.979107834626475,96.12347722454393,80.19189425509659
B,2024-01-22 04:00:00,43.48581996385552,94.70970317378779,67.4032696226158
A,2024-01-22 05:00:00,45.16114165945678,59.92275271186493,60.839222009447155
C,2024-01-22 06:00:00,46.7965269180568,112.70836060418452,72.744205707955
B,2024-01-22 07:00:00,54.241659464019165,75.21483210293056,77.7587039995546
C,2024-01-22 08:00:00,55.228354880355,101.19865260532657,81.00130874869414
A,2024-01-22 09:00:00,44.26299996061421,105.54753875916383,72.68419318957301
A,2024-01-22 10:00:00,49.756454077390174,127.21317191677302,72.94286696441999
A,2024-01-22 11:00:00,71.42270358611864,73.82359201761776,80.76950367127874
C,2024-01-22 12:00:00,67.27543170100711,39.60975688358349,65.65129150152289
C,2024-01-22 13:00:00,54.36323669674032,103.6769908950739,73.05739612408496
A,2024-01-22 14:00:00,50.380034781682,136.01022363021707,75.95211944962529
C,2024-01-22 15:00:00,51.200313267182615,124.77892705878875,77.24609360642518
A,2024-01-22 16:00:00,56.13517972730416,104.19318830549251,72.45096653404559
A,2024-01-22 17:00:00,39.77207434801595,90.16727628735906,75.1722050585292
B,2024-01-22 18:00:00,47.42623462576655,116.14245193274621,62.55836323293505
C,2024-01-22 19:00:00,33.314159261224106,80.52907600591062,71.70875793833076
A,2024-01-22 20:00:00,53.992231226052795,109.52715538712438,77.26754356277233
A,2024-01-22 21:00:00,56.47195939702741,110.10940318333253,70.0885298287266
C,2024-01-22 22:00:00,45.16813537700626,121.2041981499776,75.29492110794799
B,2024-01-22 23:00:00,65.73986763290033,155.19320077822155,77.23436250401349
B,2024-01-23 00:00:00,37.74234336997659,107.84831934357534,73.28725399571117
A,2024-01-23 01:00:00,35.3562511979018,89.82072748585003,75.85231885498285
C,2024-01-23 02:00:00,52.24451818559972,99.48851375616012,70.18633717357694
B,2024-01-23 03:00:00,60.470983026121544,64.61848190221764,73.96694360151977
C,2024-01-23 04:00:00,66.83927691457869,86.10573737821883,78.05108084794611
C,2024-01-23 05:00:00,45.4111573713106,,75.78486480484217
A,2024-01-23 06:00:00,60.78680833431296,89.51823204130815,72.06734365218033
B,2024-01-23 07:00:00,49.61491530499293,103.04709744067443,76.12108202145396
A,2024-01-23 08:00:00,48.273727000591805,83.55160135235599,78.57304895318309
B,2024-01-23 09:00:00,58.83659937486672,122.42061334648943,64.75029360711261
B,2024-01-23 10:00:00,56.5232287841342,100.00414129836395,80.79537032477948
B,2024-01-23 11:00:00,34.236078430157505,99.8139935772277,73.31872630659464
B,2024-01-23 12:00:00,64.76540349725896,93.44210566974164,77.12744966620116
B,2024-01-23 13:00:00,63.800913541474515,,80.98623461822613
C,2024-01-23 14:00:00,43.74437298490471,116.5019652933527,68.14163151384767
A,2024-01-23 15:00:00,53.95803533437409,82.65739568578199,71.45279498786226
C,2024-01-23 16:00:00,54.94030186282739,86.83767021849486,73.55725652062148
B,2024-01-23 17:00:00,52.60673765823907,93.9254794244667,71.08123239437786
A,2024-01-23 18:00:00,44.4969484615458,73.0825815305357,83.67468287918405
B,2024-01-23 19:00:00,43.283766320619485,83.61484280557005,70.71613953086603
A,2024-01-23 20:00:00,49.744459290085544,90.47558252910682,72.22226610256567
C,2024-01-23 21:00:00,61.72729019259364,117.48778361425455,76.02194515801489
A,2024-01-23 22:00:00,55.43600154594432,105.2512265800385,68.98925236961955
A,2024-01-23 23:00:00,46.29385667913894,103.8717982273509,73.02159644121868
A,2024-01-24 00:00:00,57.716987106483444,117.01795924335944,76.58726630625088
A,2024-01-24 01:00:00,21.514573793699245,97.25256423201206,73.33569797808744
A,2024-01-24 02:00:00,61.48765700372103,107.80929699857779,74.53306570550026
B,2024-01-24 03:00:00,,97.93556494135008,72.35333943775815
A,2024-01-24 04:00:00,,,67.42764845409616
A,2024-01-24 05:00:00,38.803301053738565,88.34482684776836,76.6079660566962
C,2024-01-24 06:00:00,37.053185242790946,51.22365683447142,83.7746653582362
A,2024-01-24 07:00:00,61.608267873785195,97.31441675627391,75.09200815391719
C,2024-01-24 08:00:00,45.32298798688109,128.4549627219988,76.12632058623775
B,2024-01-24 09:00:00,53.46503881730716,118.52430804483186,78.46361377558429
A,2024-01-24 10:00:00,49.53079421120816,,68.65334751726651
C,2024-01-24 11:00:00,54.770408272231215,124.72261443612436,83.51257329064802
C,2024-01-24 12:00:00,50.768218910602556,,76.01164398211401
B,2024-01-24 13:00:00,37.1700777581143,103.94631414811191,83.15928449544555
A,2024-01-24 14:00:00,59.9626681944714,87.646962091313,71.33483502238005
A,2024-01-24 15:00:00,45.06243416838687,93.678542879459,84.09030961278913
C,2024-01-24 16:00:00,34.434181013402494,112.31542299542284,78.87577747017392
A,2024-01-24 17:00:00,45.718848390340874,124.07768874337633,77.7652004292618
C,2024-01-24 18:00:00,65.00759790634311,97.21107448638001,76.17012227176573
A,2024-01-24 19:00:00,58.50221742113493,90.99621470297177,73.75735690962776
C,2024-01-24 20:00:00,46.51347865592141,100.01055917713195,81.00265829236936
A,2024-01-24 21:00:00,46.50742295681571,112.0241349785823,75.70179934924023
B,2024-01-24 22:00:00,46.783649487826175,71.12290367732916,65.16465148206424
A,2024-01-24 23:00:00,70.76747983560841,54.07638093725524,69.414067691465
A,2024-01-25 00:00:00,53.819354522315535,88.98926301016833,74.07077123903626
B,2024-01-25 01:00:00,54.300416471910694,,
A,2024-01-25 02:00:00,60.30283454031842,89.83719604705378,74.71705755550052
B,2024-01-25 03:00:00,52.387891590265134,97.04439362365056,81.09485394896832
A,2024-01-25 04:00:00,47.40957854179297,90.93503181953973,65.24449067980687
C,2024-01-25 05:00:00,48.03650150915022,129.0493506894149,75.7179396825258
C,2024-01-25 06:00:00,49.283987405859364,106.5348952920464,
A,2024-01-25 07:00:00,49.627777634901584,,78.79856147742085
A,2024-01-25 08:00:00,57.2762954363698,112.44414288086804,74.52770642778998
A,2024-01-25 09:00:00,50.519458858072994,77.22333764438461,77.0980498601206
C,2024-01-25 10:00:00,57.32640077215579,120.78223574840537,70.68058519705117
A,2024-01-25 11:00:00,49.19283419891418,98.4847142692908,81.39732465828875
C,2024-01-25 12:00:00,50.786351903160906,113.40961234482425,80.20862332029425
B,2024-01-25 13:00:00,30.017993154678923,78.56285533919689,77.91772151505944
C,2024-01-25 14:00:00,59.16327674702482,68.92482467967872,74.3524137656828
C,2024-01-25 15:00:00,53.46488475897993,116.35779316050058,77.89928642647565
B,2024-01-25 16:00:00,59.98010109859652,107.52819052195034,71.46553716006325
C,2024-01-25 17:00:00,21.037446218063106,81.9589689128498,79.27777829510356
A,2024-01-25 18:00:00,70.88374704780728,82.60673837450611,83.2474044716196
A,2024-01-25 19:00:00,48.604103718448265,122.50869568829539,80.35305279989593
C,2024-01-25 20:00:00,61.081828167375164,76.21176214265344,71.35198765096295
A,2024-01-25 21:00:00,39.60094072874469,132.85345906511927,76.80708658636551
C,2024-01-25 22:00:00,56.1277390506257,81.98758530704262,68.53429228120676
A,2024-01-25 23:00:00,39.46584436826344,112.76783851216766,77.86195155587838
A,2024-01-26 00:00:00,43.76231039304195,93.4276304850203,77.2530170643127
C,2024-01-26 01:00:00,69.14031353866787,112.06374862164687,65.65091830233918
A,2024-01-26 02:00:00,48.09317599236653,89.11771995771615,
C,2024-01-26 03:00:00,52.17432873179723,96.74414187855412,73.58430551628116
A,2024-01-26 04:00:00,58.70067730688754,100.81838350791442,73.49570126429587
A,2024-01-26 05:00:00,54.95681887972604,79.95625088437055,68.95261532290597
B,2024-01-26 06:00:00,51.504189051435766,114.81648690840251,76.94489364676092
B,2024-01-26 07:00:00,53.64961002466225,89.73572867056829,76.25736804470256
C,2024-01-26 08:00:00,74.03415585238275,95.42800169319963,74.02865434010741
B,2024-01-26 09:00:00,49.42381202966415,80.11301250782975,71.22104249920818
C,2024-01-26 10:00:00,52.010990467149675,48.75332682409379,80.24353563208282
B,2024-01-26 11:00:00,60.50654396007612,96.17944474799663,83.27703556544148
A,2024-01-26 12:00:00,61.05525932957984,148.2523084322583,72.58219258076731
C,2024-01-26 13:00:00,,115.69208575796048,71.9391654142259
C,2024-01-26 14:00:00,56.38730222029184,99.6147924053121,77.45603832705999
A,2024-01-26 15:00:00,38.569950872695166,94.74218341583465,73.20985310126507
C,2024-01-26 16:00:00,66.33431532301096,100.44931785624092,74.30301399668383
C,2024-01-26 17:00:00,38.53654606981312,110.9423823035042,78.69826575862336
B,2024-01-26 18:00:00,53.02635465239033,76.3837436938231,65.45321956246353
C,2024-01-26 19:00:00,42.45724149980642,122.28643389337745,81.59151162426335
A,2024-01-26 20:00:00,49.35861653407007,,75.36340262164671
B,2024-01-26 21:00:00,53.2876241030348,114.36371451415869,72.9425342771891
B,2024-01-26 22:00:00,53.21357215450273,108.76951477619454,74.55382922889275
A,2024-01-26 23:00:00,54.21920754235285,100.3923331538798,74.81214677510259
A,2024-01-27 00:00:00,66.13711269058646,113.4572247193364,66.34399348277537
B,2024-01-27 01:00:00,54.5353430151398,111.83628267482756,82.47469113726618
C,2024-01-27 02:00:00,47.558433647093516,92.91918578117952,75.2066281613531
B,2024-01-27 03:00:00,59.64087168288357,88.52796454206198,77.21501065223687
A,2024-01-27 04:00:00,61.894704889246405,102.03712590523973,79.75774885287021
B,2024-01-27 05:00:00,37.72392184863008,130.98040302990375,
A,2024-01-27 06:00:00,55.97400069849858,75.21785848692198,
B,2024-01-27 07:00:00,57.01172742310898,70.64949468495121,73.66179454550603
C,2024-01-27 08:00:00,47.02436496640008,103.29521682473033,79.23385387608246
B,2024-01-27 09:00:00,63.75706813311619,101.01775403712035,64.36386289824253
B,2024-01-27 10:00:00,48.499444129674735,103.46683328740816,74.50452849879366
A,2024-01-27 11:00:00,51.255764534715425,104.87906395817001,71.9858967210802
A,2024-01-27 12:00:00,48.2692817571613,,77.16131475317077
A,2024-01-27 13:00:00,50.155790475814676,129.79726877204163,77.35022093684101
B,2024-01-27 14:00:00,39.037249131047986,67.98192043046969,71.46187052588986
C,2024-01-27 15:00:00,35.59949117405706,83.43005950439508,71.43913067911978
A,2024-01-27 16:00:00,65.94505063224972,97.93490479701906,74.44667315721335
A,2024-01-27 17:00:00,41.53038651681672,67.13622377691665,70.51678886342395
B,2024-01-27 18:00:00,40.08607650543693,96.48291191135857,79.20991847726063
A,2024-01-27 19:00:00,28.466098863962852,133.22940331456036,73.15396399776277
C,2024-01-27 20:00:00,43.610382523104974,100.41772976591923,60.46505890339179
C,2024-01-27 21:00:00,36.76910206592502,104.61401811437366,73.12588971689097
A,2024-01-27 22:00:00,66.4201516013637,74.7967046965484,69.80728089578014
A,2024-01-27 23:00:00,60.09817089342634,87.67277183921045,66.84362092269527
B,2024-01-28 00:00:00,43.118496548222765,92.49607239352126,68.81286680888714
C,2024-01-28 01:00:00,72.52435805344308,93.64569806487532,75.54704235916485
C,2024-01-28 02:00:00,59.81765486991594,125.63287590007538,81.64320414124116
A,2024-01-28 03:00:00,46.75168616491378,111.15382121450249,76.5659223693249
B,2024-01-28 04:00:00,25.00594285126427,77.77084086125936,71.9674830589213
C,2024-01-28 05:00:00,72.90942572590743,104.9300955686401,77.27952097585352
C,2024-01-28 06:00:00,36.10427533236404,109.9644349699357,72.70454844890504
B,2024-01-28 07:00:00,33.546012530431085,122.80298077042534,71.52699815418427
B,2024-01-28 08:00:00,,131.61081373136747,69.22818665883509
C,2024-01-28 09:00:00,74.39752406339272,79.69811616344262,66.24085596624141
C,2024-01-28 10:00:00,63.84272818510518,83.78284977579324,73.05038146720277
B,2024-01-28 11:00:00,55.639091200523595,74.84844282170768,75.79026744960066
C,2024-01-28 12:00:00,55.94754341665286,95.31960281786037,74.51688164992555
A,2024-01-28 13:00:00,58.53415558780308,109.32716748892669,
A,2024-01-28 14:00:00,57.589285897867654,119.74669033178203,70.2712696965161
B,2024-01-28 15:00:00,52.811914239693756,98.48097952714954,78.04123095842485
B,2024-01-28 16:00:00,51.04201103951876,93.60304953490312,
B,2024-01-28 17:00:00,49.374068721004775,103.03515984497481,78.88013956921738
A,2024-01-28 18:00:00,42.46035411133324,83.29714196739954,69.98891490536637
C,2024-01-28 19:00:00,47.19324923133226,141.79077443389548,71.23782381323483
A,2024-01-28 20:00:00,33.07043185804615,67.84677945763883,67.66607404692161
C,2024-01-28 21:00:00,49.0166037320525,103.69481157791449,72.49298926557182
A,2024-01-28 22:00:00,40.11408892849083,140.4721243845928,79.87656229238989
C,2024-01-28 23:00:00,38.964106827842286,100.13599689119995,77.57814044221978
A,2024-01-29 00:00:00,51.798941511534785,96.19921929997011,79.89211056014018
B,2024-01-29 01:00:00,63.92002286344599,92.85109154379145,77.61071272966969
A,2024-01-29 02:00:00,59.183166060023126,,69.48165085734816
C,2024-01-29 03:00:00,34.29499396376823,127.45696949353061,73.34605387836221
A,2024-01-29 04:00:00,40.10371863429663,55.76276177340986,71.09900435441268
A,2024-01-29 05:00:00,59.40771187988216,130.66867402592652,81.6528745201952
A,2024-01-29 06:00:00,40.175126064616904,71.5208569509971,69.01605676786845
B,2024-01-29 07:00:00,47.753668500029754,94.66695341531171,79.46848844694556
A,2024-01-29 08:00:00,55.50052099024552,91.41511159402677,79.46476935054385
B,2024-01-29 09:00:00,40.31655545136365,111.7710653954144,84.14810100858044
B,2024-01-29 10:00:00,51.0537550614596,68.03751296232505,72.95156703685251
A,2024-01-29 11:00:00,36.65974505081795,109.24345332163885,78.56161079790081
A,2024-01-29 12:00:00,43.98632356048786,140.48619246573705,86.40825918269421
A,2024-01-29 13:00:00,53.19781934142537,72.73651990814379,71.91179161533152
C,2024-01-29 14:00:00,34.070062664683306,103.79412335220792,67.3247987623382
A,2024-01-29 15:00:00,54.40474737960399,86.76035644406782,65.59994983046118
B,2024-01-29 16:00:00,49.803622010733186,108.51774412386072,78.56356014430666
A,2024-01-29 17:00:00,55.524899544171475,100.38295554831504,65.58424895970708
C,2024-01-29 18:00:00,52.23914134064661,87.1702618191138,73.13840473531039
A,2024-01-29 19:00:00,63.64140429973844,109.75744569742147,77.1865659351948
C,2024-01-29 20:00:00,51.25224502647907,136.08696219573486,75.92587768414957
C,2024-01-29 21:00:00,45.70594458874747,96.18192416545402,77.12722432092086
A,2024-01-29 22:00:00,51.222975030322836,114.39515884296364,76.11144927900428
B,2024-01-29 23:00:00,55.43298029036388,74.13454084257673,81.39432906656697
C,2024-01-30 00:00:00,50.48860070325704,80.87127246363983,70.23841809630602
A,2024-01-30 01:00:00,50.405916912038826,109.44812555760754,71.61502430770734
A,2024-01-30 02:00:00,42.980083121932445,129.6823205707193,71.13670277364588
B,2024-01-30 03:00:00,43.37099082449052,107.1122669757132,79.15095905931305
C,2024-01-30 04:00:00,35.97394728200307,93.7388393895369,79.50199294197532
C,2024-01-30 05:00:00,67.4957674318694,99.98582810846708,77.25612659659254
A,2024-01-30 06:00:00,37.56136764608715,74.99184532060565,80.91746833444964
A,2024-01-30 07:00:00,43.07094802204092,112.09030652710733,69.10979566311809
B,2024-01-30 08:00:00,42.81592734430802,117.64666124646818,83.33612055775569
B,2024-01-30 09:00:00,58.949243769444415,90.9581933433384,
C,2024-01-30 10:00:00,47.05050321707972,90.59915704480997,78.67810998622873
C,2024-01-30 11:00:00,62.477420726737336,105.31756459304097,83.9089945438553
A,2024-01-30 12:00:00,43.26509375756132,91.2656052791881,66.71688396161113
C,2024-01-30 13:00:00,52.78994162223802,98.67734770748355,72.37775931868674
B,2024-01-30 14:00:00,,141.99443578333032,71.32348269659023
B,2024-01-30 15:00:00,71.45149127773388,95.05948598508007,78.60739661878672
A,2024-01-30 16:00:00,38.12401580970487,92.83319695957556,69.74929630198928
B,2024-01-30 17:00:00,53.09820710227027,87.04916388729681,78.78747574668743
B,2024-01-30 18:00:00,56.337768809320984,114.88383942999873,81.85268071998357
B,2024-01-30 19:00:00,54.137990974514985,96.37551653563794,78.47601450041999
B,2024-01-30 20:00:00,48.147123411222914,87.01253923357149,76.4187551183075
A,2024-01-30 21:00:00,48.70179300266574,126.42608064546025,70.06063329549626
A,2024-01-30 22:00:00,,128.39206009027274,70.76574516937318
C,2024-01-30 23:00:00,,87.9915286852259,81.24809452648333
B,2024-01-31 00:00:00,59.638791167949094,62.66920097278768,78.89674501952666
C,2024-01-31 01:00:00,72.10523001591352,120.15027379673845,74.80490240311228
A,2024-01-31 02:00:00,44.425082149921664,86.30740348479992,72.91045227117054
A,2024-01-31 03:00:00,36.301970204209226,115.81251198325538,64.87096063444312
A,2024-01-31 04:00:00,49.117179516487454,60.59792364576329,69.6457379065778
A,2024-01-31 05:00:00,75.79709337654319,117.85194676598618,84.55709543569861
A,2024-01-31 06:00:00,,75.77656141438437,68.59772214498767
A,2024-01-31 07:00:00,66.39116805444067,114.61528238133049,75.94739910610541
A,2024-01-31 08:00:00,66.77700814076441,100.28546135672869,80.037219865976
B,2024-01-31 09:00:00,44.46411758292005,80.92121161206711,68.72538665998854
C,2024-01-31 10:00:00,55.689830791852756,91.85927374146439,75.92355237390542
A,2024-01-31 11:00:00,66.28396623128538,113.72636913913402,79.68957768755328
B,2024-01-31 12:00:00,46.20872259012513,102.11788906230468,75.06249660953625
B,2024-01-31 13:00:00,47.964196398976384,111.68825960944969,89.34201527833385
C,2024-01-31 14:00:00,44.18319086051356,139.5288116903097,66.65700370560903
A,2024-01-31 15:00:00,39.852432693071336,68.71516776577897,80.2936426494194
C,2024-01-31 16:00:00,43.50722454933993,132.3442514993725,74.13599131301768
A,2024-01-31 17:00:00,37.760597332377436,102.08711875046426,78.85960077418338
B,2024-01-31 18:00:00,50.34083468259226,82.02431903353744,77.20653575849623
B,2024-01-31 19:00:00,42.30026768941358,73.39372748522021,71.33421901445001
B,2024-01-31 20:00:00,,96.21759218445933,76.1449819622967
B,2024-01-31 21:00:00,34.44104353796373,,65.71049274300856
C,2024-01-31 22:00:00,53.30880232214457,,78.01623750285697
A,2024-01-31 23:00:00,58.33528961608925,130.22309860494695,76.49079232995263
A,2024-02-01 00:00:00,30.062643574285445,70.97648619896881,78.19330084321551
C,2024-02-01 01:00:00,53.74056569847572,99.7582210430789,80.29059162543575
A,2024-02-01 02:00:00,62.27668992473292,74.95213111173761,76.83809920104855
B,2024-02-01 03:00:00,37.90358981308795,107.27263765249936,75.74044709899138
A,2024-02-01 04:00:00,66.72572386837703,117.737747801946,70.59465831669354
B,2024-02-01 05:00:00,54.190190093660455,91.58476412637893,
C,2024-02-01 06:00:00,42.949881442415915,47.91572286745732,80.93367310088665
A,2024-02-01 07:00:00,49.44230922342294,103.97896293592989,
C,2024-02-01 08:00:00,55.58326912521722,,73.80944781843974
A,2024-02-01 09:00:00,,108.08589509923395,75.23001373626637
B,2024-02-01 10:00:00,55.387559924463694,124.71564383644308,70.47692812503116
C,2024-02-01 11:00:00,40.79326406920634,78.57892640701903,80.86378422633723
A,2024-02-01 12:00:00,51.69360824036078,113.60432210900899,78.3270841184589
B,2024-02-01 13:00:00,35.8628550309502,123.8501502495595,84.70608718231874
C,2024-02-01 14:00:00,48.887739386513,64.42824831986967,70.60838461410131
C,2024-02-01 15:00:00,40.960923585352106,106.39303651837955,73.10996050490891
A,2024-02-01 16:00:00,42.64470057410233,89.91640337984657,76.15722961262786
A,2024-02-01 17:00:00,62.36093175210438,98.36954653796708,78.23244768862885
A,2024-02-01 18:00:00,60.91310120594269,106.95352967076673,73.92166181226183
B,2024-02-01 19:00:00,56.09138120907177,90.25542871772896,70.6351945477315
A,2024-02-01 20:00:00,39.07687235327421,86.48583841676776,79.40703764461786
C,2024-02-01 21:00:00,46.83591550305198,100.6830483497605,78.6056768127279
C,2024-02-01 22:00:00,62.130976999791834,78.25508122274394,70.41862949718137
A,2024-02-01 23:00:00,51.417169136399046,78.28349742229629,81.77721400552748
A,2024-02-02 00:00:00,73.19329539981695,113.58746565913006,80.85099354598302
C,2024-02-02 01:00:00,53.93317839394372,77.02411929682688,75.67148248623896
B,2024-02-02 02:00:00,51.92049116490031,113.32625001818424,75.39798931188018
A,2024-02-02 03:00:00,46.908835357974986,109.25182585707903,77.77028885557954
A,2024-02-02 04:00:00,,65.48386542418807,70.69148464871871
C,2024-02-02 05:00:00,48.47530163619456,86.4487069532869,75.15015739582041
A,2024-02-02 06:00:00,57.0810867668859,123.88218806094744,64.2380822769541
B,2024-02-02 07:00:00,59.56702316794584,80.37668937720636,79.38227822751467
C,2024-02-02 08:00:00,42.140105394920504,90.71191475381225,67.1925338877907
A,2024-02-02 09:00:00,36.68767046442222,109.24121786503792,82.517099142145
C,2024-02-02 10:00:00,31.637946268967035,115.66781018565192,73.34939953016774
A,2024-02-02 11:00:00,55.079913269125434,94.96922227911008,73.94166509034412
A,2024-02-02 12:00:00,38.966333938261265,88.04979610616716,71.86133046957747
A,2024-02-02 13:00:00,28.47109407047517,128.44739723397015,73.55980563038962
B,2024-02-02 14:00:00,53.885786045309644,134.7779932759516,82.09265672574018
B,2024-02-02 15:00:00,74.9299951743279,119.57716101563591,62.5609567173246
C,2024-02-02 16:00:00,,101.70636285130048,81.38482693044094
A,2024-02-02 17:00:00,58.38490774451642,83.83468556718148,76.69011740550854
A,2024-02-02 18:00:00,50.81829358547565,83.39111186886869,68.96489176071393
B,2024-02-02 19:00:00,49.01110346808857,110.45028210531515,69.6234380347538
A,2024-02-02 20:00:00,59.190764829877686,108.36796441777368,83.38196513604102
B,2024-02-02 21:00:00,,128.03197185892859,70.27246560028634
A,2024-02-02 22:00:00,52.673923140719026,113.00900185072278,69.2332474470202
C,2024-02-02 23:00:00,53.216978061960134,69.93839396480364,80.68657271182364
A,2024-02-03 00:00:00,43.31909546356951,121.03895235445837,76.69276438142957
A,2024-02-03 01:00:00,59.92042349536523,80.03878745371173,70.31037211731801
B,2024-02-03 02:00:00,48.25040243304591,92.32057456095296,76.0831248770231
A,2024-02-03 03:00:00,42.442548405071555,105.00400412503389,69.87123658179861
A,2024-02-03 04:00:00,55.365098435704034,139.9133497956793,80.50410699211302
B,2024-02-03 05:00:00,41.015320182089624,162.19837112010723,80.30685482436567
C,2024-02-03 06:00:00,50.281811573691286,112.13446118272365,77.66003099410972
C,2024-02-03 07:00:00,49.90881003355796,96.33606762559225,76.80830530623508
B,2024-02-03 08:00:00,60.85895565831578,110.69011296961101,83.80594062433687
B,2024-02-03 09:00:00,,117.75310851747672,74.99843163694112
B,2024-02-03 10:00:00,49.74973041254856,93.58664748885617,69.09062937289599
B,2024-02-03 11:00:00,58.17766299200287,135.90422711824644,77.24736956416153
B,2024-02-03 12:00:00,63.90207549017313,104.60141518382804,85.43023524768557
C,2024-02-03 13:00:00,55.578103063518626,109.95486178182789,69.92620253407074
C,2024-02-03 14:00:00,50.103526198433805,113.31848504108923,73.19268616653007
B,2024-02-03 15:00:00,36.8816376764984,108.43173221228912,77.08223019050726
A,2024-02-03 16:00:00,39.348863369246274,116.77881000939225,74.73047575497131
B,2024-02-03 17:00:00,46.94775295645332,87.65493626906154,70.08848209811343
A,2024-02-03 18:00:00,43.90487797840717,88.83396492107939,80.60928928115236
B,2024-02-03 19:00:00,48.13028697014554,77.9969153405661,86.6002036100863
B,2024-02-03 20:00:00,50.56649924897107,108.79002461240452,75.98065729511954
C,2024-02-03 21:00:00,55.29692754356731,115.57873007024229,70.47965855132
A,2024-02-03 22:00:00,49.29501221940909,109.15545732303772,67.25519737473263
A,2024-02-03 23:00:00,54.86501643826202,133.48984866695076,76.28987990610591
C,2024-02-04 00:00:00,50.6447441481012,99.88807962341907,80.5193867165813
C,2024-02-04 01:00:00,30.245334336461287,113.37483311185025,77.37583873247691
C,2024-02-04 02:00:00,40.606646061812455,78.16598247721372,74.98798079540573
C,2024-02-04 03:00:00,48.55912444278385,92.25800595051199,72.05364174105347
A,2024-02-04 04:00:00,37.90305257158892,113.91075515131556,69.53918183640955
A,2024-02-04 05:00:00,55.99928729996205,116.98204221486287,79.17375663162441
B,2024-02-04 06:00:00,65.30750832343698,94.12066104671635,
B,2024-02-04 07:00:00,62.18761851697317,98.56801496283866,67.27135106654633
C,2024-02-04 08:00:00,47.86557129069792,69.64252506638381,82.94919489090341
C,2024-02-04 09:00:00,64.90726136849952,,77.87035610447
C,2024-02-04 10:00:00,51.486674572021116,117.80766327039572,81.99797322572897
B,2024-02-04 11:00:00,46.629140288819606,,68.28936125757443
B,2024-02-04 12:00:00,,110.0133144276242,68.1708792229228
B,2024-02-04 13:00:00,46.975303135118715,100.9954737436192,74.25515345116352
B,2024-02-04 14:00:00,46.118231814587716,100.14126317256353,77.51392213447598
B,2024-02-04 15:00:00,51.70416222375488,86.79357721053105,83.98180411463481
B,2024-02-04 16:00:00,51.60573981049865,113.9765684040507,
B,2024-02-04 17:00:00,50.03046020153415,108.4194588877878,73.78659361593984
C,2024-02-04 18:00:00,54.369381697463496,109.84037695985599,69.86815396167054
C,2024-02-04 19:00:00,61.906462747863415,89.47930314664839,81.15000286359574
C,2024-02-04 20:00:00,59.495541354413234,56.93314160257511,70.17647287124643
C,2024-02-04 21:00:00,35.151020315500965,121.94305423507392,83.14234277386161
B,2024-02-04 22:00:00,24.46078865098045,90.42325087983191,
A,2024-02-04 23:00:00,59.34319911239274,82.74448471913759,82.95291036308925
B,2024-02-05 00:00:00,36.33121301584579,113.86957823827987,78.3946564502964
A,2024-02-05 01:00:00,47.75234598107316,92.1597472016174,74.31502255278771
C,2024-02-05 02:00:00,38.298869739406406,121.19872768093244,72.40301814086936
B,2024-02-05 03:00:00,31.9801956241998,112.34011899153396,73.2954606132696
C,2024-02-05 04:00:00,55.41462728204788,113.67138646400954,77.1415834618762
B,2024-02-05 05:00:00,57.59155160302647,72.68088577598931,75.38578248108858
C,2024-02-05 06:00:00,44.2348959927328,124.23887970772802,72.03094295965647
A,2024-02-05 07:00:00,24.089577078550903,105.22501062467713,74.17184294841184
A,2024-02-05 08:00:00,44.53755551747517,92.61445721507593,75.39288514859575
A,2024-02-05 09:00:00,53.91804005402547,102.86776934684502,64.35632952792594
B,2024-02-05 10:00:00,35.21088431225871,64.4752953420336,77.2908405739435
A,2024-02-05 11:00:00,51.83359919779156,108.17305622961342,70.10139387641597
B,2024-02-05 12:00:00,49.846901508270044,79.41256983635857,69.23333798397127
A,2024-02-05 13:00:00,55.792914996010886,72.94659428312931,66.56327826444645
A,2024-02-05 14:00:00,51.19580368414153,69.55281627564219,66.03053751066055
B,2024-02-05 15:00:00,40.26931059118444,122.2537674997985,68.22276248443855
B,2024-02-05 16:00:00,61.965715016644914,87.41473212614423,71.45489521184754
A,2024-02-05 17:00:00,48.4147042697303,130.67455419833,84.76629568763283
B,2024-02-05 18:00:00,49.72695460490068,89.28397073895404,72.37060162052398
A,2024-02-05 19:00:00,40.667320409268044,65.85284084814106,75.88875053134015
B,2024-02-05 20:00:00,,77.66951120102682,77.00240693253164
C,2024-02-05 21:00:00,41.15197285973099,124.71623240013878,75.65532593107925
C,2024-02-05 22:00:00,48.27053940076577,96.88203644126665,74.61278269637003
C,2024-02-05 23:00:00,67.11708480142343,89.03425407018798,69.02353118200378
C,2024-02-06 00:00:00,36.28098857068643,103.20036451705576,82.25463774139607
C,2024-02-06 01:00:00,33.86438602123259,110.0356547233509,84.03598321818943
A,2024-02-06 02:00:00,64.71170327493608,122.34797631804922,66.58670652938657
C,2024-02-06 03:00:00,47.90676322848134,128.9699845978585,69.8798570455681
C,2024-02-06 04:00:00,43.309272613400836,,73.60094828811496
C,2024-02-06 05:00:00,60.39904687396076,73.47904627835923,70.17731102544904
C,2024-02-06 06:00:00,43.94384460263136,91.73069677753448,77.52982776727933
B,2024-02-06 07:00:00,68.26009713546937,105.20561013165772,71.35863898796694
A,2024-02-06 08:00:00,56.77925871339269,80.72482147578778,85.82528033903301
C,2024-02-06 09:00:00,45.120885918542974,80.85698170209915,80.95274297171798
C,2024-02-06 10:00:00,71.57308213265503,106.87575763099771,76.06287015316107
C,2024-02-06 11:00:00,43.94285076996662,,80.13493131659867
A,2024-02-06 12:00:00,57.42095372009307,,80.52950212178655
B,2024-02-06 13:00:00,52.99292580406492,84.83009330599862,72.18026255970878
A,2024-02-06 14:00:00,63.01741289398798,95.39198571588466,70.91891377729017
B,2024-02-06 15:00:00,65.61511196726853,81.51533711463391,75.39071531484824
C,2024-02-06 16:00:00,50.320041490657665,117.80396822249574,79.30818062248972
C,2024-02-06 17:00:00,42.46582129653817,120.70498669447505,75.6953019932671
A,2024-02-06 18:00:00,54.59972142939117,63.07624275523813,67.11501758904501
A,2024-02-06 19:00:00,43.22284630247894,81.4097827961518,70.98587778024579
B,2024-02-06 20:00:00,70.13387247526623,,74.63013568202811
B,2024-02-06 21:00:00,51.36535331082737,86.99952131186204,74.62167197837086
A,2024-02-06 22:00:00,46.34678448687891,,84.86271088394903
B,2024-02-06 23:00:00,51.84680305864909,71.0070956060294,68.07006028800501
A,2024-02-07 00:00:00,36.52873710470303,81.56280373749374,77.52794620917938
B,2024-02-07 01:00:00,40.28385961489349,79.92085255837003,82.44556554164144
A,2024-02-07 02:00:00,62.00413907944426,104.14534658797888,86.35724872711398
A,2024-02-07 03:00:00,43.43105721028604,101.386886740725,72.97801288408019
A,2024-02-07 04:00:00,39.5308901731806,85.56524893325494,77.457147263601
B,2024-02-07 05:00:00,55.36652752527286,103.53641744278796,77.84880178599323
B,2024-02-07 06:00:00,,89.06639830825469,75.97740865776646
B,2024-02-07 07:00:00,,94.56689779347893,74.50577399380347
A,2024-02-07 08:00:00,59.960476858058165,133.46904180597073,77.17987694750023
B,2024-02-07 09:00:00,42.43204911430539,126.80922103580696,62.33876957390157
B,2024-02-07 10:00:00,35.78189333258156,74.00837526144805,78.41034745031315
A,2024-02-07 11:00:00,65.01333651955487,116.5946483575835,75.63088951830984
C,2024-02-07 12:00:00,46.77320161157864,116.22793108983184,73.88762551610867
A,2024-02-07 13:00:00,47.49166983544953,,85.23431097859779
B,2024-02-07 14:00:00,63.281941418490575,116.37555287509721,71.62532990604724
A,2024-02-07 15:00:00,55.5623000940066,130.75863836825107,72.98462005467485
C,2024-02-07 16:00:00,54.55887772081608,77.54910387511173,84.95776651102366
A,2024-02-07 17:00:00,71.65002344901083,81.64994357971473,70.83969347575072
B,2024-02-07 18:00:00,43.564817696198574,,72.2494235853173
C,2024-02-07 19:00:00,59.278401280812375,105.42990621651296,74.26487288284575
B,2024-02-07 20:00:00,50.570131248970846,111.02952550479047,79.20367241064774
C,2024-02-07 21:00:00,52.68592278863257,106.81178432800994,76.03901253676656
C,2024-02-07 22:00:00,65.28468426412532,107.81391841856288,68.5368732642387
A,2024-02-07 23:00:00,55.07835756289624,73.47055743377834,72.33915718436405
A,2024-02-08 00:00:00,,120.94635413242897,71.96322783393894
B,2024-02-08 01:00:00,60.72507337309802,123.39179984855548,
A,2024-02-08 02:00:00,46.350472704571146,95.41218511863944,77.12921829314915
A,2024-02-08 03:00:00,41.607903326609936,99.13046100372276,
C,2024-02-08 04:00:00,39.55190805978967,69.37784994888555,66.11994122975798
A,2024-02-08 05:00:00,30.33643410623998,110.2850951203567,80.31970493780427
C,2024-02-08 06:00:00,70.56207129940321,,76.26284422998312
C,2024-02-08 07:00:00,38.96791634278317,,81.92266023796952
C,2024-02-08 08:00:00,47.78746376414228,122.48706719741006,
B,2024-02-08 09:00:00,47.23186700111079,93.31845538040119,80.50661478867882
B,2024-02-08 10:00:00,53.07406697809101,111.29211851787201,77.33272655725064
B,2024-02-08 11:00:00,58.15737212539297,79.6067132261577,81.73112878101374
C,2024-02-08 12:00:00,58.60473488359745,99.52895698251524,77.6112531800889
B,2024-02-08 13:00:00,44.16922561431062,96.51291484194329,74.51042376778548
B,2024-02-08 14:00:00,,104.50615844081884,86.3621736022344
A,2024-02-08 15:00:00,52.825799504882994,92.60946142333283,79.44518561139947
B,2024-02-08 16:00:00,47.51308873816453,97.37054808656664,77.86872210502207
B,2024-02-08 17:00:00,66.07345576019992,116.52094342883012,68.61847791730833
C,2024-02-08 18:00:00,54.90974951638251,91.26471525523564,68.5584619126823
C,2024-02-08 19:00:00,57.348777860498174,67.86845798522641,
C,2024-02-08 20:00:00,56.628812686674124,134.9916780841084,75.7276059888412
C,2024-02-08 21:00:00,61.73473857485325,127.62908157380973,71.92938717495842
C,2024-02-08 22:00:00,51.81021558703707,74.15474609788762,75.70491349806031
C,2024-02-08 23:00:00,,113.79415610490389,82.94313464021798
B,2024-02-09 00:00:00,,89.94050458897314,
C,2024-02-09 01:00:00,43.48643106208171,105.26974430662119,69.29495745123631
C,2024-02-09 02:00:00,44.713833182502434,105.88448258026988,74.44245586428528
A,2024-02-09 03:00:00,55.863640187550935,95.31184399367356,70.97516759573719
B,2024-02-09 04:00:00,62.38283071433636,84.32468668827207,73.06150041795719
B,2024-02-09 05:00:00,50.21271576736061,86.18917895367481,72.93192167185178
B,2024-02-09 06:00:00,53.088330125989636,81.67616169037515,72.61177208697997
C,2024-02-09 07:00:00,67.02214944635239,83.36355583539111,68.72432314013302
C,2024-02-09 08:00:00,52.407531794885685,98.65643419901289,74.36172659240906
C,2024-02-09 09:00:00,76.01683114180395,85.68480021778497,72.19696181576344
A,2024-02-09 10:00:00,55.65509645631544,113.64104131425239,60.35275654998866
C,2024-02-09 11:00:00,32.39237240844182,129.74492310671855,85.26486012250831
A,2024-02-09 12:00:00,57.53341621104533,88.39893517259914,80.44384827108335
B,2024-02-09 13:00:00,53.81158384882778,104.78809001070753,73.11849637537502
C,2024-02-09 14:00:00,62.897527540827454,109.99370220605867,75.094095248703
A,2024-02-09 15:00:00,56.73181351269958,109.4400454183855,69.14172826341219
A,2024-02-09 16:00:00,48.615440160162265,101.51910535832175,83.47861438905433
C,2024-02-09 17:00:00,37.757017637106344,114.85364836719445,84.48644347386556
B,2024-02-09 18:00:00,47.90976742713975,109.64497905361314,75.78346864123262
B,2024-02-09 19:00:00,41.494795457907,,80.11765322092673
B,2024-02-09 20:00:00,44.19476550195277,117.38312128778546,75.87643389466962
A,2024-02-09 21:00:00,55.8857840442061,117.74581674533485,68.31637280562035
A,2024-02-09 22:00:00,66.69904504351406,84.73427791642837,72.94088315518171
A,2024-02-09 23:00:00,53.94671529822981,100.75875670895203,
A,2024-02-10 00:00:00,38.04116937964815,113.66657985622139,72.72726140628278
B,2024-02-10 01:00:00,54.446026682201406,95.81372360841277,73.90673361282482
C,2024-02-10 02:00:00,,121.45956095532023,74.54300221245443
A,2024-02-10 03:00:00,43.90217095680618,147.2774498923872,74.59560751067269
A,2024-02-10 04:00:00,48.65982833327082,84.28027934730035,75.26129245248741
B,2024-02-10 05:00:00,50.14688194729197,72.3791079369245,69.69697466801699
C,2024-02-10 06:00:00,42.151016869177596,106.07637191209751,71.41491925436031
C,2024-02-10 07:00:00,56.48280433843859,114.43125010252287,68.57707867150015
B,2024-02-10 08:00:00,48.79051851392219,95.38267252310462,79.889077748431
B,2024-02-10 09:00:00,54.195324439070276,129.0652132664207,64.47176529079837
C,2024-02-10 10:00:00,,73.22788400553503,80.76795171658463
A,2024-02-10 11:00:00,45.62541699676589,113.85837246063222,81.93174698631421
C,2024-02-10 12:00:00,57.22381357827771,87.88278358482214,73.4890970650869
B,2024-02-10 13:00:00,46.27166847908233,134.38755812414593,
A,2024-02-10 14:00:00,67.26963851233405,139.85030706336238,73.19344719016355
A,2024-02-10 15:00:00,46.003638143853976,84.66686824433305,74.6790791935559
B,2024-02-10 16:00:00,52.24684725751886,89.0088572818284,69.94700890035543
B,2024-02-10 17:00:00,59.325908318730896,117.19175773959604,72.42390803095878
B,2024-02-10 18:00:00,35.816342670669684,92.2573870042097,82.65097599431675
C,2024-02-10 19:00:00,32.39191188019224,99.09177564135524,78.3246358115087
C,2024-02-10 20:00:00,34.74343685429905,100.5077684108482,70.3771794281095
A,2024-02-10 21:00:00,62.62584103427182,61.606536876046874,67.01200415202284
B,2024-02-10 22:00:00,44.481418541075534,99.72324507811526,73.36491341195115
A,2024-02-10 23:00:00,75.58199285668252,86.20544451871652,73.93271610324781
A,2024-02-11 00:00:00,44.357524013426115,90.13754355200456,
A,2024-02-11 01:00:00,51.84551303197037,128.87264006937627,72.32341643716171
A,2024-02-11 02:00:00,65.42109952567876,74.86986211441487,77.55749787680931
B,2024-02-11 03:00:00,70.06092888159122,116.26410373495955,
A,2024-02-11 04:00:00,70.61503576636397,94.42074139336383,79.07750511222132
B,2024-02-11 05:00:00,62.083662305931426,94.40479663008331,74.75955746334614
B,2024-02-11 06:00:00,60.240625258114626,115.80743792103422,74.08424764473352
C,2024-02-11 07:00:00,55.92526949201183,106.8010258913778,73.21663432910064
B,2024-02-11 08:00:00,57.78361076166638,111.41225994439063,80.90320456226073
C,2024-02-11 09:00:00,44.488142836714665,119.36369321065722,71.86343277024349
B,2024-02-11 10:00:00,41.81801116577693,93.37383233633355,75.22611354499992
B,2024-02-11 11:00:00,49.96625542589048,87.75526530984499,75.25598950940542
B,2024-02-11 12:00:00,48.298153774750716,78.29698946884403,72.49107903594233
C,2024-02-11 13:00:00,45.46771950672725,83.4917894004209,68.13767226057949
C,2024-02-11 14:00:00,56.963874474567156,158.9818885061745,76.61487251808835
A,2024-02-11 15:00:00,59.553052085705104,,74.69498014072309
